{"chunk_definitions":[{"row":38,"row_count":1,"visible":true,"expansion_state":0,"options":{"engine":"r","label":"load_package","include":false},"document_id":"4A052F28","chunk_id":"ctcuzypn9npl9","chunk_label":"load_package"},{"row":45,"row_count":1,"visible":true,"expansion_state":0,"options":{"engine":"r","label":"data","include":false},"document_id":"4A052F28","chunk_id":"c6jt8fwaumkft","chunk_label":"data"},{"row":87,"row_count":1,"visible":true,"expansion_state":0,"options":{"engine":"r","label":"location","echo":false,"message":false,"warning":false},"document_id":"4A052F28","chunk_id":"cmqjeu8d9plzt","chunk_label":"location"},{"row":205,"row_count":1,"visible":true,"expansion_state":0,"options":{"engine":"r","label":"catchphrases","warning":false,"include":false,"message":false,"echo":false},"document_id":"4A052F28","chunk_id":"c03zv1d2jxq9k","chunk_label":"catchphrases"},{"row":237,"row_count":1,"visible":true,"expansion_state":0,"options":{"engine":"r","label":"ross catchphrases","echo":false,"warning":false,"message":false},"document_id":"4A052F28","chunk_id":"cti9ok1y8jgpy","chunk_label":"ross catchphrases"},{"row":256,"row_count":1,"visible":true,"expansion_state":0,"options":{"engine":"r","label":"joey catchphrases","echo":false,"warning":false,"message":false},"document_id":"4A052F28","chunk_id":"c1uwl4acf9ypy","chunk_label":"joey catchphrases"},{"row":271,"row_count":1,"visible":true,"expansion_state":0,"options":{"engine":"r","label":"monica catchphrases","echo":false,"warning":false,"message":false},"document_id":"4A052F28","chunk_id":"c3mt41tcf5ivy","chunk_label":"monica catchphrases"},{"row":290,"row_count":1,"visible":true,"expansion_state":0,"options":{"engine":"r","label":"rachel catchphrases","echo":false,"warning":false,"message":false},"document_id":"4A052F28","chunk_id":"crqo3d13bzvt3","chunk_label":"rachel catchphrases"},{"row":308,"row_count":1,"visible":true,"expansion_state":0,"options":{"engine":"r","label":"phoebe catchphrases","echo":false,"warning":false,"message":false},"document_id":"4A052F28","chunk_id":"c0xk8qxo94soe","chunk_label":"phoebe catchphrases"},{"row":326,"row_count":1,"visible":true,"expansion_state":0,"options":{"engine":"r","label":"chandler catchphrases","echo":false,"warning":false,"message":false},"document_id":"4A052F28","chunk_id":"c2hxwwzh2xhtc","chunk_label":"chandler catchphrases"},{"row":357,"row_count":1,"visible":true,"expansion_state":0,"options":{"engine":"r","label":"6 main characters","warning":false,"message":false,"echo":false},"document_id":"4A052F28","chunk_id":"cij6o3nw2w2th","chunk_label":"6 main characters"},{"row":399,"row_count":1,"visible":true,"expansion_state":0,"options":{"engine":"r","echo":false,"message":false,"warning":false,"label":"unnamed-chunk-6"},"document_id":"4A052F28","chunk_id":"ccjev6ufa3snd","chunk_label":"unnamed-chunk-1"},{"row":444,"row_count":1,"visible":true,"expansion_state":0,"options":{"engine":"r","echo":false,"message":false,"warning":false,"label":"unnamed-chunk-7"},"document_id":"4A052F28","chunk_id":"c01yjl4hv97mk","chunk_label":"unnamed-chunk-2"},{"row":463,"row_count":1,"visible":true,"expansion_state":0,"options":{"engine":"r","include":false,"label":"unnamed-chunk-8"},"document_id":"4A052F28","chunk_id":"cko6zex42a32o","chunk_label":"unnamed-chunk-3"},{"row":488,"row_count":1,"visible":true,"expansion_state":0,"options":{"engine":"r","echo":false,"message":false,"warning":false,"label":"unnamed-chunk-9"},"document_id":"4A052F28","chunk_id":"cflzpb2fjttm1","chunk_label":"unnamed-chunk-4"},{"row":512,"row_count":1,"visible":true,"expansion_state":0,"options":{"engine":"r","include":false,"label":"unnamed-chunk-10"},"document_id":"4A052F28","chunk_id":"cswtg9vfsu8dt","chunk_label":"unnamed-chunk-5"},{"row":527,"row_count":1,"visible":true,"expansion_state":0,"options":{"engine":"r","echo":false,"message":false,"warning":false,"label":"unnamed-chunk-11"},"document_id":"4A052F28","chunk_id":"cowz2a9wv9sr0","chunk_label":"unnamed-chunk-6"},{"row":553,"row_count":1,"visible":true,"expansion_state":0,"options":{"engine":"r","echo":false,"message":false,"warning":false,"label":"unnamed-chunk-12"},"document_id":"4A052F28","chunk_id":"cjhgvz24z0zid","chunk_label":"unnamed-chunk-7"},{"row":577,"row_count":1,"visible":true,"expansion_state":0,"options":{"engine":"r","echo":false,"message":false,"warning":false,"label":"unnamed-chunk-13"},"document_id":"4A052F28","chunk_id":"cx3tpca1rwj72","chunk_label":"unnamed-chunk-8"},{"row":601,"row_count":1,"visible":true,"expansion_state":0,"options":{"engine":"r","echo":false,"message":false,"warning":false,"label":"unnamed-chunk-14"},"document_id":"4A052F28","chunk_id":"cpzc5o36fj91t","chunk_label":"unnamed-chunk-9"},{"row":625,"row_count":1,"visible":true,"expansion_state":0,"options":{"engine":"r","echo":false,"message":false,"warning":false,"label":"unnamed-chunk-15"},"document_id":"4A052F28","chunk_id":"cagm65wur9jqd","chunk_label":"unnamed-chunk-10"},{"row":649,"row_count":1,"visible":true,"expansion_state":0,"options":{"engine":"r","echo":false,"message":false,"warning":false,"label":"unnamed-chunk-16"},"document_id":"4A052F28","chunk_id":"ckm96l8dam00h","chunk_label":"unnamed-chunk-11"},{"row":673,"row_count":1,"visible":true,"expansion_state":0,"options":{"engine":"r","echo":false,"message":false,"warning":false,"label":"unnamed-chunk-17"},"document_id":"4A052F28","chunk_id":"ch0fg5nttw70d","chunk_label":"unnamed-chunk-12"},{"row":705,"row_count":1,"visible":true,"expansion_state":0,"options":{"engine":"r","echo":false,"include":false,"warning":false,"label":"unnamed-chunk-18"},"document_id":"4A052F28","chunk_id":"cbq4fbft5hvis","chunk_label":"unnamed-chunk-13"},{"row":740,"row_count":1,"visible":true,"expansion_state":0,"options":{"engine":"r","echo":false,"warning":false,"message":false,"label":"unnamed-chunk-19"},"document_id":"4A052F28","chunk_id":"cklmaemmgat0q","chunk_label":"unnamed-chunk-14"},{"row":784,"row_count":1,"visible":true,"expansion_state":0,"options":{"engine":"r","echo":false,"include":false,"label":"unnamed-chunk-20"},"document_id":"4A052F28","chunk_id":"cik4i56qx93vy","chunk_label":"unnamed-chunk-15"},{"row":813,"row_count":1,"visible":true,"expansion_state":0,"options":{"engine":"r","label":"word_counts","echo":false,"warning":false,"message":false},"document_id":"4A052F28","chunk_id":"c7s3msof37ypp","chunk_label":"word_counts"},{"row":840,"row_count":1,"visible":true,"expansion_state":0,"options":{"engine":"r","label":"Character Word Counts","echo":false,"warning":false,"message":false},"document_id":"4A052F28","chunk_id":"ceateuqvgij9c","chunk_label":"Character Word Counts"},{"row":889,"row_count":1,"visible":true,"expansion_state":0,"options":{"engine":"r","label":"words friends characters df","echo":false,"include":false,"warning":false,"message":false},"document_id":"4A052F28","chunk_id":"cji7idlq4o7v4","chunk_label":"words friends characters df"},{"row":909,"row_count":1,"visible":true,"expansion_state":0,"options":{"engine":"r","label":"words friends characters table","echo":false,"warning":false,"message":false},"document_id":"4A052F28","chunk_id":"ck2m0i4w0uxhz","chunk_label":"words friends characters table"},{"row":925,"row_count":1,"visible":true,"expansion_state":0,"options":{"engine":"r","label":"wordCloud of words in long sentences","echo":false,"warning":false,"message":false},"document_id":"4A052F28","chunk_id":"cbm6u6tns9266","chunk_label":"wordCloud of words in long sentences"},{"row":959,"row_count":1,"visible":true,"expansion_state":0,"options":{"engine":"r","label":"linguistic analysis data","include":false,"warning":false,"message":false},"document_id":"4A052F28","chunk_id":"cj54mzdwgx3ff","chunk_label":"linguistic analysis data"},{"row":977,"row_count":1,"visible":true,"expansion_state":0,"options":{"engine":"r","label":"linguistic analysis1","echo":false,"warning":false,"message":false},"document_id":"4A052F28","chunk_id":"c9sxc0jruo2jx","chunk_label":"linguistic analysis1"},{"row":992,"row_count":1,"visible":true,"expansion_state":0,"options":{"engine":"r","label":"linguistic analysis2","echo":false,"warning":false,"message":false},"document_id":"4A052F28","chunk_id":"cby9h8tufer7l","chunk_label":"linguistic analysis2"},{"row":1012,"row_count":1,"visible":true,"expansion_state":0,"options":{"engine":"r","label":"linguistic analysis3","echo":false,"warning":false,"message":false},"document_id":"4A052F28","chunk_id":"cm24bafh1ppm9","chunk_label":"linguistic analysis3"},{"row":1025,"row_count":1,"visible":true,"expansion_state":0,"options":{"engine":"r","label":"linguistic analysis4","echo":false,"warning":false,"message":false},"document_id":"4A052F28","chunk_id":"c55z79mmaasgj","chunk_label":"linguistic analysis4"},{"row":1044,"row_count":1,"visible":true,"expansion_state":0,"options":{"engine":"r","label":"linguistic analysis5","echo":false,"warning":false,"message":false},"document_id":"4A052F28","chunk_id":"c2ddubjakabqn","chunk_label":"linguistic analysis5"},{"row":1059,"row_count":1,"visible":true,"expansion_state":0,"options":{"engine":"r","label":"linguistic analysis6","echo":false,"warning":false,"message":false},"document_id":"4A052F28","chunk_id":"c4kz896uoqmms","chunk_label":"linguistic analysis6"},{"row":1078,"row_count":1,"visible":true,"expansion_state":0,"options":{"engine":"r","label":"linguistic analysis7","echo":false,"warning":false,"message":false},"document_id":"4A052F28","chunk_id":"cjer21iry9l67","chunk_label":"linguistic analysis7"},{"row":1095,"row_count":1,"visible":true,"expansion_state":0,"options":{"engine":"r","label":"linguistic analysis8","echo":false,"warning":false,"message":false},"document_id":"4A052F28","chunk_id":"cs5dheoadmeyd","chunk_label":"linguistic analysis8"},{"row":1107,"row_count":1,"visible":true,"expansion_state":0,"options":{"engine":"r","label":"linguistic analysis9","echo":false,"warning":false,"message":false},"document_id":"4A052F28","chunk_id":"cgb411xrr6dwi","chunk_label":"linguistic analysis9"},{"row":1122,"row_count":1,"visible":true,"expansion_state":0,"options":{"engine":"r","label":"data for number of dialogues","echo":false,"include":false},"document_id":"4A052F28","chunk_id":"clczc46lqshqv","chunk_label":"data for number of dialogues"},{"row":1151,"row_count":1,"visible":true,"expansion_state":0,"options":{"engine":"r","label":"boxplot of number of dialogues","echo":false,"warning":false,"message":false},"document_id":"4A052F28","chunk_id":"cdys8ud0w8r7d","chunk_label":"boxplot of number of dialogues"},{"row":1190,"row_count":1,"visible":true,"expansion_state":0,"options":{"engine":"r","label":"histo sentence count","echo":false,"warning":false,"message":false},"document_id":"4A052F28","chunk_id":"cd6ccddw8ka2u","chunk_label":"histo sentence count"},{"row":1222,"row_count":1,"visible":true,"expansion_state":0,"options":{"engine":"r","warning":false,"include":false,"label":"unnamed-chunk-21"},"document_id":"4A052F28","chunk_id":"crq6kaig6vz69","chunk_label":"unnamed-chunk-16"},{"row":1247,"row_count":1,"visible":true,"expansion_state":0,"options":{"engine":"r","echo":false,"message":false,"warning":false,"label":"unnamed-chunk-22"},"document_id":"4A052F28","chunk_id":"cx5f438axo31f","chunk_label":"unnamed-chunk-17"},{"row":1294,"row_count":1,"visible":true,"expansion_state":0,"options":{"engine":"r","echo":false,"message":false,"warning":false,"label":"unnamed-chunk-23"},"document_id":"4A052F28","chunk_id":"co0yt1xem1i79","chunk_label":"unnamed-chunk-18"},{"row":1321,"row_count":1,"visible":true,"expansion_state":0,"options":{"engine":"r","message":false,"warning":false,"include":false,"label":"unnamed-chunk-24"},"document_id":"4A052F28","chunk_id":"ct4eorwjlkc4p","chunk_label":"unnamed-chunk-19"},{"row":1336,"row_count":1,"visible":true,"expansion_state":0,"options":{"engine":"r","echo":false,"message":false,"warning":false,"label":"unnamed-chunk-25"},"document_id":"4A052F28","chunk_id":"c6blh6kg4wumj","chunk_label":"unnamed-chunk-20"},{"row":1370,"row_count":1,"visible":true,"expansion_state":0,"options":{"engine":"r","message":false,"warning":false,"include":false,"label":"unnamed-chunk-26"},"document_id":"4A052F28","chunk_id":"c800p721oo7nt","chunk_label":"unnamed-chunk-21"},{"row":1387,"row_count":1,"visible":true,"expansion_state":0,"options":{"engine":"r","echo":false,"message":true,"warning":false,"label":"unnamed-chunk-27"},"document_id":"4A052F28","chunk_id":"c0iv7fthrdtfv","chunk_label":"unnamed-chunk-22"},{"row":1408,"row_count":1,"visible":true,"expansion_state":0,"options":{"engine":"r","echo":false,"message":false,"warning":false,"label":"unnamed-chunk-29"},"document_id":"4A052F28","chunk_id":"cyekeiutbt044","chunk_label":"unnamed-chunk-23"},{"row":1419,"row_count":1,"visible":true,"expansion_state":0,"options":{"engine":"r","echo":false,"message":false,"warning":false,"label":"unnamed-chunk-30"},"document_id":"4A052F28","chunk_id":"c768mi8pcwbld","chunk_label":"unnamed-chunk-24"}],"doc_write_time":1681591512}