{"chunk_definitions":[{"row":35,"row_count":1,"visible":true,"expansion_state":0,"options":{"engine":"r","label":"load_package","include":false},"document_id":"5DA05EF0","chunk_id":"c7it6a7eqipw4","chunk_label":"load_package"},{"row":44,"row_count":1,"visible":true,"expansion_state":0,"options":{"engine":"r","label":"data","include":false},"document_id":"5DA05EF0","chunk_id":"crtvx477xzrgj","chunk_label":"data"},{"row":74,"row_count":1,"visible":true,"expansion_state":0,"options":{"engine":"r","echo":false,"include":false,"warning":false,"label":"unnamed-chunk-40"},"document_id":"5DA05EF0","chunk_id":"cb7rkbfa86lwb","chunk_label":"unnamed-chunk-1"},{"row":108,"row_count":1,"visible":true,"expansion_state":0,"options":{"engine":"r","echo":false,"warning":false,"message":false,"label":"unnamed-chunk-41"},"document_id":"5DA05EF0","chunk_id":"c04vld6ey5796","chunk_label":"unnamed-chunk-2"},{"row":154,"row_count":1,"visible":true,"expansion_state":0,"options":{"engine":"r","echo":false,"include":false,"label":"unnamed-chunk-42"},"document_id":"5DA05EF0","chunk_id":"c74jaohtf1ijv","chunk_label":"unnamed-chunk-3"},{"row":182,"row_count":1,"visible":true,"expansion_state":0,"options":{"engine":"r","label":"word_counts","echo":false,"warning":false,"message":false},"document_id":"5DA05EF0","chunk_id":"c3435kalr1pzv","chunk_label":"word_counts"},{"row":213,"row_count":1,"visible":true,"expansion_state":0,"options":{"engine":"r","label":"Character Word Counts","echo":false,"warning":false,"message":false},"document_id":"5DA05EF0","chunk_id":"cmwe75djkaclr","chunk_label":"Character Word Counts"},{"row":247,"row_count":1,"visible":true,"expansion_state":0,"options":{"engine":"r","label":"words friends characters df","echo":false,"include":false,"warning":false,"message":false},"document_id":"5DA05EF0","chunk_id":"c357gdtsopz34","chunk_label":"words friends characters df"},{"row":353,"row_count":1,"visible":true,"expansion_state":0,"options":{"engine":"r","label":"linguistic analysis"},"document_id":"5DA05EF0","chunk_id":"ct0n92htw85ux","chunk_label":"linguistic analysis"},{"row":368,"row_count":1,"visible":true,"expansion_state":0,"options":{"engine":"r","label":"data for number of dialogues","echo":false,"include":false},"document_id":"5DA05EF0","chunk_id":"cagstqt7r7a4h","chunk_label":"data for number of dialogues"},{"row":396,"row_count":1,"visible":true,"expansion_state":0,"options":{"engine":"r","label":"boxplot of number of dialogues","echo":false,"warning":false,"message":false},"document_id":"5DA05EF0","chunk_id":"ccq2g1prt1yfu","chunk_label":"boxplot of number of dialogues"},{"row":439,"row_count":1,"visible":true,"expansion_state":0,"options":{"engine":"r","label":"histo sentence count","echo":false,"warning":false,"message":false},"document_id":"5DA05EF0","chunk_id":"ctw3ckal5hzc9","chunk_label":"histo sentence count"}],"doc_write_time":1681502510,"chunk_rendered_width":700}