{"chunk_definitions":[{"row":38,"row_count":1,"visible":true,"expansion_state":0,"options":{"engine":"r","label":"load_package","include":false},"document_id":"5DA05EF0","chunk_id":"cwd2gxotgh93p","chunk_label":"load_package"},{"row":45,"row_count":1,"visible":true,"expansion_state":0,"options":{"engine":"r","label":"data","include":false},"document_id":"5DA05EF0","chunk_id":"c5v9o69wpugjx","chunk_label":"data"},{"row":87,"row_count":1,"visible":true,"expansion_state":0,"options":{"engine":"r","label":"location","echo":false,"message":false,"warning":false},"document_id":"5DA05EF0","chunk_id":"c7pmsvuxlfjpn","chunk_label":"location"},{"row":205,"row_count":1,"visible":true,"expansion_state":0,"options":{"engine":"r","label":"catchphrases","warning":false,"include":false,"message":false,"echo":false},"document_id":"5DA05EF0","chunk_id":"c9ksicxnmrd2s","chunk_label":"catchphrases"},{"row":235,"row_count":1,"visible":true,"expansion_state":0,"options":{"engine":"r","label":"ross catchphrases","echo":false,"warning":false,"message":false},"document_id":"5DA05EF0","chunk_id":"crc0xte3nzm51","chunk_label":"ross catchphrases"},{"row":254,"row_count":1,"visible":true,"expansion_state":0,"options":{"engine":"r","label":"joey catchphrases","echo":false,"warning":false,"message":false},"document_id":"5DA05EF0","chunk_id":"ch3olipvc60q2","chunk_label":"joey catchphrases"},{"row":269,"row_count":1,"visible":true,"expansion_state":0,"options":{"engine":"r","label":"monica catchphrases","echo":false,"warning":false,"message":false},"document_id":"5DA05EF0","chunk_id":"c1bfiscahrv4h","chunk_label":"monica catchphrases"},{"row":288,"row_count":1,"visible":true,"expansion_state":0,"options":{"engine":"r","label":"rachel catchphrases","echo":false,"warning":false,"message":false},"document_id":"5DA05EF0","chunk_id":"c55z7vywz8k7v","chunk_label":"rachel catchphrases"},{"row":306,"row_count":1,"visible":true,"expansion_state":0,"options":{"engine":"r","label":"phoebe catchphrases","echo":false,"warning":false,"message":false},"document_id":"5DA05EF0","chunk_id":"cqt6sl4vzbe2p","chunk_label":"phoebe catchphrases"},{"row":324,"row_count":1,"visible":true,"expansion_state":0,"options":{"engine":"r","label":"unnamed-chunk-2"},"document_id":"5DA05EF0","chunk_id":"c6az7lvzj86j6","chunk_label":"unnamed-chunk-1"}],"doc_write_time":1681569138}