"0",""
"0","plot <- ggplot(lines_by_main_character_season, aes(x = as.integer(Season), y = total_lines)) +"
"0","  geom_line(aes(color = Speaker)) +"
"0","  geom_point(aes(color = Speaker)) +"
"0","  scale_x_continuous(breaks = 1:10) +"
"0","  xlab(""Season"") +"
"0","  ylab(""Number of Lines"") +"
"0","  ggtitle(""Number of Lines Spoken by Main Characters per Season"") +"
"0","  theme(plot.title = element_text(hjust = 0.5)) +"
"0","  facet_wrap(~Speaker, ncol = 2)"
"0",""
"0","plot + guides(color = FALSE)"
"1","[1m[33mError[39m in `combine_vars()`:[22m
[38;5;232m[33m![38;5;232m Faceting variables must have at least one value[39m
Backtrace:
[90m 1. [39m[1mbase[22m (local) `<fn>`(x)
[90m 2. [39mggplot2:::print.ggplot(x)
[90m 4. [39mggplot2:::ggplot_build.ggplot(x)
[90m 5. [39mlayout$setup(data, plot$data, plot$plot_env)
[90m 6. [39mggplot2 (local) setup(..., self = self)
[90m 7. [39mself$facet$compute_layout(data, self$facet_params)
[90m 8. [39mggplot2 (local) compute_layout(..., self = self)
[90m 9. [39m[1m[94mggplot2::combine_vars([39m[22mdata, params$plot_env, vars, drop = params$drop[1m[94m)[39m[22m
"
