{"chunk_definitions":[{"row":32,"row_count":1,"visible":true,"expansion_state":0,"options":{"engine":"r","label":"load_package","include":false},"document_id":"4A052F28","chunk_id":"cggxyktud67me","chunk_label":"load_package"},{"row":39,"row_count":1,"visible":true,"expansion_state":0,"options":{"engine":"r","label":"data","include":false},"document_id":"4A052F28","chunk_id":"chzt0sq5mnqv7","chunk_label":"data"},{"row":785,"row_count":1,"visible":true,"expansion_state":0,"options":{"engine":"r","label":"linguistic analysis7","echo":false,"warning":false,"message":false},"document_id":"4A052F28","chunk_id":"cp06hxuprlvl0","chunk_label":"linguistic analysis7"},{"row":805,"row_count":1,"visible":true,"expansion_state":0,"options":{"engine":"r","label":"linguistic analysis8","echo":false,"warning":false,"message":false},"document_id":"4A052F28","chunk_id":"ccw6246rfo6bm","chunk_label":"linguistic analysis8"},{"row":821,"row_count":1,"visible":true,"expansion_state":0,"options":{"engine":"r","label":"linguistic analysis9","echo":false,"warning":false,"message":false},"document_id":"4A052F28","chunk_id":"cpn348moq12ll","chunk_label":"linguistic analysis9"}],"doc_write_time":1681517742}