{"chunk_definitions":[{"row":32,"row_count":1,"visible":true,"expansion_state":0,"options":{"engine":"r","label":"load_package","include":false},"document_id":"4A052F28","chunk_id":"cggxyktud67me","chunk_label":"load_package"},{"row":39,"row_count":1,"visible":true,"expansion_state":0,"options":{"engine":"r","label":"data","include":false},"document_id":"4A052F28","chunk_id":"chzt0sq5mnqv7","chunk_label":"data"},{"row":668,"row_count":1,"visible":true,"expansion_state":0,"options":{"engine":"r","label":"linguistic analysis data","include":false,"warning":false,"message":false},"document_id":"4A052F28","chunk_id":"cn07djvped9rs","chunk_label":"linguistic analysis data"},{"row":823,"row_count":1,"visible":true,"expansion_state":0,"options":{"engine":"r","label":"linguistic analysis9","echo":false,"warning":false,"message":false},"document_id":"4A052F28","chunk_id":"cl1jx4fykndad","chunk_label":"linguistic analysis9"}],"doc_write_time":1681519596}