{"chunk_definitions":[{"row":39,"row_count":1,"visible":true,"expansion_state":0,"options":{"engine":"r","label":"load_package","include":false},"document_id":"4A052F28","chunk_id":"ctcuzypn9npl9","chunk_label":"load_package"},{"row":47,"row_count":1,"visible":true,"expansion_state":0,"options":{"engine":"r","label":"data","include":false},"document_id":"4A052F28","chunk_id":"c6jt8fwaumkft","chunk_label":"data"},{"row":89,"row_count":1,"visible":true,"expansion_state":0,"options":{"engine":"r","label":"location","echo":false,"message":false,"warning":false},"document_id":"4A052F28","chunk_id":"cyw2nvd8tb2ub","chunk_label":"location"},{"row":207,"row_count":1,"visible":true,"expansion_state":0,"options":{"engine":"r","label":"catchphrases","warning":false,"include":false,"message":false,"echo":false},"document_id":"4A052F28","chunk_id":"c03zv1d2jxq9k","chunk_label":"catchphrases"},{"row":239,"row_count":1,"visible":true,"expansion_state":0,"options":{"engine":"r","label":"ross catchphrases","echo":false,"warning":false,"message":false},"document_id":"4A052F28","chunk_id":"cti9ok1y8jgpy","chunk_label":"ross catchphrases"},{"row":258,"row_count":1,"visible":true,"expansion_state":0,"options":{"engine":"r","label":"joey catchphrases","echo":false,"warning":false,"message":false},"document_id":"4A052F28","chunk_id":"c1uwl4acf9ypy","chunk_label":"joey catchphrases"},{"row":274,"row_count":1,"visible":true,"expansion_state":0,"options":{"engine":"r","label":"monica catchphrases","echo":false,"warning":false,"message":false},"document_id":"4A052F28","chunk_id":"c3mt41tcf5ivy","chunk_label":"monica catchphrases"},{"row":293,"row_count":1,"visible":true,"expansion_state":0,"options":{"engine":"r","label":"rachel catchphrases","echo":false,"warning":false,"message":false},"document_id":"4A052F28","chunk_id":"crqo3d13bzvt3","chunk_label":"rachel catchphrases"},{"row":311,"row_count":1,"visible":true,"expansion_state":0,"options":{"engine":"r","label":"phoebe catchphrases","echo":false,"warning":false,"message":false},"document_id":"4A052F28","chunk_id":"c0xk8qxo94soe","chunk_label":"phoebe catchphrases"},{"row":329,"row_count":1,"visible":true,"expansion_state":0,"options":{"engine":"r","label":"chandler catchphrases","echo":false,"warning":false,"message":false},"document_id":"4A052F28","chunk_id":"c2hxwwzh2xhtc","chunk_label":"chandler catchphrases"},{"row":360,"row_count":1,"visible":true,"expansion_state":0,"options":{"engine":"r","label":"6 main characters","warning":false,"message":false,"echo":false},"document_id":"4A052F28","chunk_id":"cij6o3nw2w2th","chunk_label":"6 main characters"},{"row":402,"row_count":1,"visible":true,"expansion_state":0,"options":{"engine":"r","echo":false,"message":false,"warning":false,"label":"unnamed-chunk-70"},"document_id":"4A052F28","chunk_id":"ccjev6ufa3snd","chunk_label":"unnamed-chunk-1"},{"row":450,"row_count":1,"visible":true,"expansion_state":0,"options":{"engine":"r","echo":false,"message":false,"warning":false,"label":"unnamed-chunk-75"},"document_id":"4A052F28","chunk_id":"c01yjl4hv97mk","chunk_label":"unnamed-chunk-2"},{"row":469,"row_count":1,"visible":true,"expansion_state":0,"options":{"engine":"r","include":false,"label":"unnamed-chunk-41"},"document_id":"4A052F28","chunk_id":"cko6zex42a32o","chunk_label":"unnamed-chunk-3"},{"row":494,"row_count":1,"visible":true,"expansion_state":0,"options":{"engine":"r","echo":false,"message":false,"warning":false,"label":"unnamed-chunk-57"},"document_id":"4A052F28","chunk_id":"cflzpb2fjttm1","chunk_label":"unnamed-chunk-4"},{"row":518,"row_count":1,"visible":true,"expansion_state":0,"options":{"engine":"r","include":false,"label":"unnamed-chunk-45"},"document_id":"4A052F28","chunk_id":"cswtg9vfsu8dt","chunk_label":"unnamed-chunk-5"},{"row":534,"row_count":1,"visible":true,"expansion_state":0,"options":{"engine":"r","echo":false,"message":false,"warning":false,"label":"unnamed-chunk-54"},"document_id":"4A052F28","chunk_id":"cgt5o86ez4nbc","chunk_label":"unnamed-chunk-6"},{"row":560,"row_count":1,"visible":true,"expansion_state":0,"options":{"engine":"r","echo":false,"message":false,"warning":false,"label":"unnamed-chunk-36"},"document_id":"4A052F28","chunk_id":"cjhgvz24z0zid","chunk_label":"unnamed-chunk-7"},{"row":584,"row_count":1,"visible":true,"expansion_state":0,"options":{"engine":"r","echo":false,"message":false,"warning":false,"label":"unnamed-chunk-55"},"document_id":"4A052F28","chunk_id":"cx3tpca1rwj72","chunk_label":"unnamed-chunk-8"},{"row":608,"row_count":1,"visible":true,"expansion_state":0,"options":{"engine":"r","echo":false,"message":false,"warning":false,"label":"unnamed-chunk-56"},"document_id":"4A052F28","chunk_id":"cpzc5o36fj91t","chunk_label":"unnamed-chunk-9"},{"row":632,"row_count":1,"visible":true,"expansion_state":0,"options":{"engine":"r","echo":false,"message":false,"warning":false,"label":"unnamed-chunk-27"},"document_id":"4A052F28","chunk_id":"cagm65wur9jqd","chunk_label":"unnamed-chunk-10"},{"row":656,"row_count":1,"visible":true,"expansion_state":0,"options":{"engine":"r","echo":false,"message":false,"warning":false,"label":"unnamed-chunk-28"},"document_id":"4A052F28","chunk_id":"ckm96l8dam00h","chunk_label":"unnamed-chunk-11"},{"row":680,"row_count":1,"visible":true,"expansion_state":0,"options":{"engine":"r","echo":false,"message":false,"warning":false,"label":"unnamed-chunk-29"},"document_id":"4A052F28","chunk_id":"ch0fg5nttw70d","chunk_label":"unnamed-chunk-12"},{"row":712,"row_count":1,"visible":true,"expansion_state":0,"options":{"engine":"r","echo":false,"include":false,"warning":false,"label":"unnamed-chunk-30"},"document_id":"4A052F28","chunk_id":"cbq4fbft5hvis","chunk_label":"unnamed-chunk-13"},{"row":747,"row_count":1,"visible":true,"expansion_state":0,"options":{"engine":"r","echo":false,"warning":false,"message":false,"label":"unnamed-chunk-31"},"document_id":"4A052F28","chunk_id":"cklmaemmgat0q","chunk_label":"unnamed-chunk-14"},{"row":791,"row_count":1,"visible":true,"expansion_state":0,"options":{"engine":"r","echo":false,"include":false,"label":"unnamed-chunk-32"},"document_id":"4A052F28","chunk_id":"cik4i56qx93vy","chunk_label":"unnamed-chunk-15"},{"row":820,"row_count":1,"visible":true,"expansion_state":0,"options":{"engine":"r","label":"word_counts","echo":false,"warning":false,"message":false},"document_id":"4A052F28","chunk_id":"c7s3msof37ypp","chunk_label":"word_counts"},{"row":847,"row_count":1,"visible":true,"expansion_state":0,"options":{"engine":"r","label":"Character Word Counts","echo":false,"warning":false,"message":false},"document_id":"4A052F28","chunk_id":"ceateuqvgij9c","chunk_label":"Character Word Counts"},{"row":896,"row_count":1,"visible":true,"expansion_state":0,"options":{"engine":"r","label":"words friends characters df","echo":false,"include":false,"warning":false,"message":false},"document_id":"4A052F28","chunk_id":"cji7idlq4o7v4","chunk_label":"words friends characters df"},{"row":916,"row_count":1,"visible":true,"expansion_state":0,"options":{"engine":"r","label":"words friends characters table","echo":false,"warning":false,"message":false},"document_id":"4A052F28","chunk_id":"ck2m0i4w0uxhz","chunk_label":"words friends characters table"},{"row":932,"row_count":1,"visible":true,"expansion_state":0,"options":{"engine":"r","label":"wordCloud of words in long sentences","echo":false,"warning":false,"message":false},"document_id":"4A052F28","chunk_id":"cbm6u6tns9266","chunk_label":"wordCloud of words in long sentences"},{"row":983,"row_count":1,"visible":true,"expansion_state":0,"options":{"engine":"r","label":"linguistic analysis data","include":false,"warning":false,"message":false},"document_id":"4A052F28","chunk_id":"cj54mzdwgx3ff","chunk_label":"linguistic analysis data"},{"row":1001,"row_count":1,"visible":true,"expansion_state":0,"options":{"engine":"r","label":"linguistic analysis1","echo":false,"warning":false,"message":false},"document_id":"4A052F28","chunk_id":"c9sxc0jruo2jx","chunk_label":"linguistic analysis1"},{"row":1016,"row_count":1,"visible":true,"expansion_state":0,"options":{"engine":"r","label":"linguistic analysis2","echo":false,"warning":false,"message":false},"document_id":"4A052F28","chunk_id":"cby9h8tufer7l","chunk_label":"linguistic analysis2"},{"row":1036,"row_count":1,"visible":true,"expansion_state":0,"options":{"engine":"r","label":"linguistic analysis3","echo":false,"warning":false,"message":false},"document_id":"4A052F28","chunk_id":"cm24bafh1ppm9","chunk_label":"linguistic analysis3"},{"row":1051,"row_count":1,"visible":true,"expansion_state":0,"options":{"engine":"r","label":"linguistic analysis4","echo":false,"warning":false,"message":false},"document_id":"4A052F28","chunk_id":"c55z79mmaasgj","chunk_label":"linguistic analysis4"},{"row":1070,"row_count":1,"visible":true,"expansion_state":0,"options":{"engine":"r","label":"linguistic analysis5","echo":false,"warning":false,"message":false},"document_id":"4A052F28","chunk_id":"c2ddubjakabqn","chunk_label":"linguistic analysis5"},{"row":1085,"row_count":1,"visible":true,"expansion_state":0,"options":{"engine":"r","label":"linguistic analysis6","echo":false,"warning":false,"message":false},"document_id":"4A052F28","chunk_id":"c4kz896uoqmms","chunk_label":"linguistic analysis6"},{"row":1104,"row_count":1,"visible":true,"expansion_state":0,"options":{"engine":"r","label":"linguistic analysis7","echo":false,"warning":false,"message":false},"document_id":"4A052F28","chunk_id":"cjer21iry9l67","chunk_label":"linguistic analysis7"},{"row":1121,"row_count":1,"visible":true,"expansion_state":0,"options":{"engine":"r","label":"linguistic analysis8","echo":false,"warning":false,"message":false},"document_id":"4A052F28","chunk_id":"cs5dheoadmeyd","chunk_label":"linguistic analysis8"},{"row":1133,"row_count":1,"visible":true,"expansion_state":0,"options":{"engine":"r","label":"linguistic analysis9","echo":false,"warning":false,"message":false},"document_id":"4A052F28","chunk_id":"cgb411xrr6dwi","chunk_label":"linguistic analysis9"},{"row":1148,"row_count":1,"visible":true,"expansion_state":0,"options":{"engine":"r","label":"data for number of dialogues","echo":false,"include":false},"document_id":"4A052F28","chunk_id":"clczc46lqshqv","chunk_label":"data for number of dialogues"}],"doc_write_time":1681632988,"chunk_rendered_width":700}